Date,Positive_Count_cases,Temperature,Rainfall,Humidity,WindSpeed
5/1/2021,2,30.5,0.2,56,10.0
5/2/2021,9,30.3,1.8,51,8.7
5/3/2021,2,29.2,10.8,67,7.8
5/4/2021,9,30.2,0.7,60,12.5
5/5/2021,7,30.8,2.7,57,9.8
5/6/2021,8,29.9,7.9,64,8.8
5/7/2021,3,29.3,10.1,72,6.0
5/8/2021,4,26.2,50.2,87,5.6
5/9/2021,7,27.2,0.5,80,4.7
5/10/2021,1,27.0,8.9,83,4.2
5/11/2021,2,25.9,4.9,82,8.9
5/12/2021,4,28.7,2.4,81,5.0
5/13/2021,8,28.7,1.0,77,9.3
5/14/2021,6,28.5,0.1,73,9.9
5/15/2021,3,28.2,0.1,68,10.0
5/16/2021,5,29.3,0.0,62,8.6
5/17/2021,4,30.2,0.0,53,9.5
5/18/2021,3,31.1,0.0,46,11.8
5/19/2021,4,29.9,0.6,60,9.3
5/20/2021,6,31.5,0.0,57,5.2
5/21/2021,13,30.6,0.0,44,13.7
5/22/2021,14,30.2,0.0,39,13.7
5/23/2021,33,31.1,0.0,40,9.5
5/24/2021,21,30.2,0.4,50,12.0
5/25/2021,34,29.3,1.0,49,12.5
5/26/2021,50,29.2,0.0,41,15.7
5/27/2021,39,28.7,0.0,38,15.3
5/28/2021,57,29.0,0.0,41,13.9
5/29/2021,85,29.2,0.0,42,17.6
5/30/2021,38,28.7,0.0,41,19.5
5/31/2021,81,28.6,0.0,38,19.0
6/1/2021,58,28.0,0.0,42,21.0
6/2/2021,82,28.5,0.0,39,16.5
6/3/2021,100,29.8,0.0,40,11.1
6/4/2021,64,30.3,0.1,39,12.5
6/5/2021,73,28.6,0.0,38,19.2
6/6/2021,66,28.8,0.0,37,18.1
6/7/2021,84,28.9,0.0,37,15.8
6/8/2021,61,27.5,0.0,37,21.5
6/9/2021,84,27.3,0.0,39,21.2
6/10/2021,70,28.6,0.0,43,14.4
6/11/2021,66,28.8,0.0,41,18.9
6/12/2021,44,28.2,0.0,39,21.4
6/13/2021,29,28.0,0.0,39,19.0
6/14/2021,58,28.8,0.0,36,12.4
6/15/2021,71,29.7,0.0,43,12.4
6/16/2021,55,30.0,0.0,38,10.6
6/17/2021,57,29.9,0.0,40,11.1
6/18/2021,32,29.4,0.4,53,11.6
6/19/2021,42,29.3,0.0,47,10.8
6/20/2021,20,28.5,0.0,40,11.2
6/21/2021,45,27.3,0.0,37,13.4
6/22/2021,53,27.0,0.0,38,18.4
6/23/2021,71,27.2,0.0,42,17.6
6/24/2021,40,27.0,0.0,42,15.2
6/25/2021,43,27.7,0.0,38,15.3
6/26/2021,22,27.9,0.0,37,16.1
6/27/2021,15,27.0,0.0,38,22.1
6/28/2021,19,26.0,0.0,39,23.3
6/29/2021,24,27.4,0.0,41,16.7
6/30/2021,21,28.8,1.2,45,8.5
7/1/2021,13,29.1,0.2,53,6.0
7/2/2021,15,29.3,0.0,37,10.0
7/3/2021,25,29.5,0.0,36,11.4
7/4/2021,15,28.6,0.0,36,14.4
7/5/2021,6,28.2,0.0,36,18.3
7/6/2021,22,27.6,0.3,44,15.0
7/7/2021,10,24.8,3.3,68,11.6
7/8/2021,13,26.7,0.5,60,9.0
7/9/2021,33,28.0,1.0,57,8.5
7/10/2021,23,27.6,0.2,51,11.4
7/11/2021,37,29.2,0.1,46,7.9
7/12/2021,60,28.8,0.4,51,10.3
7/13/2021,63,28.1,0.3,55,11.0
7/14/2021,55,27.7,4.7,66,6.0
7/15/2021,60,27.7,0.1,56,9.2
7/16/2021,52,28.1,0.0,48,11.7
7/17/2021,57,28.8,0.2,51,8.6
7/18/2021,47,27.4,0.5,59,5.6
7/19/2021,48,27.5,0.8,56,10.3
7/20/2021,25,27.1,2.7,60,10.5
7/21/2021,38,26.9,0.5,59,12.8
7/22/2021,47,29.1,0.3,45,10.3
7/23/2021,44,30.2,0.9,43,7.4
7/24/2021,37,25.7,6.1,76,8.7
7/25/2021,40,23.5,0.5,75,10.5
7/26/2021,56,25.4,0.0,66,9.1
7/27/2021,76,26.1,0.0,57,8.4
7/28/2021,96,26.3,0.0,49,10.7
7/29/2021,94,27.4,0.0,45,8.9
7/30/2021,128,27.9,0.0,40,15.8
7/31/2021,176,27.8,0.1,37,17.3
8/1/2021,141,27.9,0.0,35,16.1
8/2/2021,206,26.3,0.0,41,15.8
8/3/2021,242,27.7,0.0,35,16.8
8/4/2021,213,27.9,0.0,34,20.3
8/5/2021,242,27.4,0.0,37,19.2
8/6/2021,209,27.6,0.0,36,18.6
8/7/2021,248,27.5,0.0,38,18.7
8/8/2021,156,29.0,0.0,38,11.3
8/9/2021,251,28.9,1.7,55,12.4
8/10/2021,282,28.7,9.9,67,8.0
8/11/2021,230,27.8,8.8,74,8.0
8/12/2021,232,28.0,0.3,65,9.7
8/13/2021,256,28.7,0.1,52,9.8
8/14/2021,285,29.5,0.3,46,9.6
8/15/2021,128,28.1,0.6,60,8.8
8/16/2021,271,28.2,0.2,53,11.9
8/17/2021,264,27.9,0.0,38,18.8
8/18/2021,233,27.9,0.0,39,18.6
8/19/2021,225,28.6,0.0,37,15.5
8/20/2021,199,29.5,0.0,32,11.0
8/21/2021,183,29.6,0.9,47,10.6
8/22/2021,131,30.4,0.0,42,9.2
8/23/2021,208,29.9,0.0,38,11.0
8/24/2021,166,28.6,0.0,33,14.5
8/25/2021,200,28.1,0.0,32,17.8
8/26/2021,146,28.2,0.0,33,16.9
8/27/2021,119,28.9,0.0,32,12.3
8/28/2021,119,30.1,0.0,31,11.5
8/29/2021,64,30.3,0.3,45,12.4
8/30/2021,81,29.9,0.0,46,15.0
8/31/2021,119,31.7,0.0,39,9.9
9/1/2021,126,30.4,0.5,46,10.2
9/2/2021,109,29.8,0.0,39,16.7
9/3/2021,91,29.8,0.2,40,14.1
9/4/2021,71,29.5,0.3,39,10.9
9/5/2021,58,29.7,0.3,40,11.5
9/6/2021,116,29.6,0.7,50,11.4
9/7/2021,127,30.0,0.0,40,14.2
9/8/2021,99,28.1,0.3,43,16.6
9/9/2021,96,27.9,0.3,53,11.6
9/10/2021,86,29.3,0.0,43,13.0
9/11/2021,90,28.9,0.0,38,13.9
9/12/2021,53,28.3,0.0,33,16.2
9/13/2021,81,28.9,0.0,38,17.7
9/14/2021,94,29.5,0.0,36,13.4
9/15/2021,84,31.6,0.2,44,9.9
9/16/2021,57,31.7,0.1,38,12.0
9/17/2021,59,31.5,1.2,45,8.1
9/18/2021,36,27.2,6.1,67,14.8
9/19/2021,22,28.6,3.9,76,5.2
9/20/2021,51,29.5,1.4,70,7.3
9/21/2021,64,29.4,0.1,62,7.4
9/22/2021,56,29.6,0.5,53,12.7
9/23/2021,62,28.8,0.0,40,16.1
9/24/2021,51,29.2,0.0,38,16.7
9/25/2021,74,29.4,2.0,50,11.4
9/26/2021,47,29.4,0.0,43,12.9
9/27/2021,89,31.0,0.0,41,10.7
9/28/2021,76,31.4,0.1,36,11.4
9/29/2021,74,31.2,0.0,35,10.9
9/30/2021,79,31.3,0.0,45,13.2
10/1/2021,87,31.1,0.4,47,13.5
10/2/2021,75,28.8,0.2,56,9.7
10/3/2021,29,30.0,0.0,50,9.2
10/4/2021,71,31.2,0.2,51,8.1
10/5/2021,52,31.0,0.0,46,9.6
10/6/2021,81,31.1,0.0,36,7.6
10/7/2021,60,31.5,0.0,39,8.5
10/8/2021,69,30.4,1.2,51,9.0
10/9/2021,80,31.6,0.0,39,11.7
10/10/2021,61,31.1,0.0,39,17.1
10/11/2021,72,30.9,0.0,37,16.6
10/12/2021,103,29.6,0.0,40,15.6
10/13/2021,92,28.2,0.0,49,10.9
10/14/2021,110,30.4,0.0,38,13.4
10/15/2021,94,30.2,0.0,33,14.7
10/16/2021,71,30.4,0.0,32,15.0
10/17/2021,75,31.0,0.0,33,13.8
10/18/2021,95,31.2,0.0,34,13.3
10/19/2021,89,30.4,0.4,37,19.4
10/20/2021,62,28.8,0.1,44,21.7
10/21/2021,91,29.4,0.0,41,18.5
10/22/2021,142,30.2,0.4,38,15.1
10/23/2021,117,29.6,1.1,40,16.1
10/24/2021,61,30.3,0.0,34,14.4
10/25/2021,180,30.5,0.0,36,19.3
10/26/2021,189,29.9,0.0,40,18.6
10/27/2021,236,29.8,0.7,42,14.6
10/28/2021,170,30.1,0.0,36,15.4
10/29/2021,175,30.3,0.0,37,13.3
10/30/2021,115,29.9,0.1,36,16.7
10/31/2021,73,29.0,0.0,33,20.9
11/1/2021,183,28.6,0.0,34,23.2
11/2/2021,188,29.7,0.0,35,15.4
11/3/2021,138,30.0,0.1,35,14.2
11/4/2021,161,30.1,0.0,37,12.0
11/5/2021,143,30.1,0.0,37,12.9
11/6/2021,140,30.4,0.0,36,14.9
11/7/2021,83,30.9,0.0,42,9.9
11/8/2021,147,30.5,0.7,37,12.3
11/9/2021,108,28.0,1.9,58,11.8
11/10/2021,82,29.5,0.0,48,14.3
11/11/2021,112,29.5,0.0,34,19.3
11/12/2021,79,29.7,0.0,33,16.9
11/13/2021,56,29.3,0.0,36,20.5
11/14/2021,41,29.2,0.2,40,24.2
11/15/2021,96,29.1,0.0,40,20.3
11/16/2021,103,30.1,0.0,37,16.1
11/17/2021,54,29.8,0.0,39,16.6
11/18/2021,68,29.2,1.0,52,13.0
11/19/2021,58,29.8,0.0,39,11.4
11/20/2021,47,29.8,0.0,35,11.8
11/21/2021,32,29.8,0.0,35,13.3
11/22/2021,53,29.8,0.0,35,14.0
11/23/2021,79,29.8,0.0,35,9.5
11/24/2021,61,30.8,0.1,35,9.2
11/25/2021,26,31.6,0.0,34,7.9
11/26/2021,58,30.0,0.0,34,12.5
11/27/2021,54,29.6,0.2,41,18.4
11/28/2021,33,27.4,0.2,54,22.2
11/29/2021,43,28.5,0.0,54,20.2
11/30/2021,54,27.9,0.0,46,21.7
12/1/2021,29,28.0,0.0,44,17.3
12/2/2021,31,28.2,0.0,40,17.9
12/3/2021,27,28.3,0.0,43,19.0
12/4/2021,20,28.4,0.2,45,22.6
12/5/2021,12,28.3,0.0,43,20.8
12/6/2021,19,28.3,0.0,44,17.7
12/7/2021,28,28.4,0.0,41,14.5
12/8/2021,31,29.4,0.0,42,13.8
12/9/2021,21,29.0,0.0,40,17.7
12/10/2021,21,28.0,0.0,37,21.9
12/11/2021,26,26.4,0.0,33,21.5
12/12/2021,30,25.8,0.0,30,23.9
12/13/2021,17,27.3,0.0,35,23.3
12/14/2021,21,28.9,0.0,41,18.7
12/15/2021,22,29.2,0.0,43,18.9
12/16/2021,24,28.4,0.0,40,19.7
12/17/2021,22,28.6,0.0,40,15.8
12/18/2021,17,29.4,0.0,38,15.1
12/19/2021,13,30.6,0.0,43,13.4
12/20/2021,35,30.1,0.0,46,15.4
12/21/2021,34,29.6,0.4,46,18.4
12/22/2021,39,29.6,0.2,48,16.6
12/23/2021,39,29.8,0.1,44,17.8
12/24/2021,31,30.1,0.0,44,14.8
12/25/2021,14,29.8,2.0,48,14.2
12/26/2021,37,30.0,0.0,45,15.9
12/27/2021,39,28.8,0.0,42,19.2
12/28/2021,23,28.2,0.1,38,15.0
12/29/2021,37,28.5,0.0,36,12.0
12/30/2021,20,29.2,0.0,35,12.8
12/31/2021,22,28.8,0.0,28,13.6
1/1/2022,9,28.8,0.0,30,14.6
1/2/2022,12,28.5,0.0,32,13.0
1/3/2022,11,28.1,0.0,32,14.2
1/4/2022,27,27.9,0.0,32,9.8
1/5/2022,11,28.3,0.0,31,9.4
1/6/2022,14,28.0,0.3,36,14.1
1/7/2022,11,29.1,0.0,38,15.9
1/8/2022,15,28.6,0.0,33,18.8
1/9/2022,18,28.1,0.0,33,15.1
1/10/2022,23,28.5,0.0,34,19.4
1/11/2022,17,28.6,0.0,31,23.4
1/12/2022,7,27.8,0.0,30,24.1
1/13/2022,15,27.9,0.0,27,18.8
1/14/2022,12,29.2,0.0,27,10.6
1/15/2022,14,30.8,0.0,27,8.6
1/16/2022,7,31.0,0.0,34,12.6
1/17/2022,1,25.9,18.7,68,10.2
1/18/2022,0,24.9,13.9,86,6.0
1/19/2022,10,26.4,0.0,75,7.3
1/20/2022,12,25.8,0.4,65,9.9
1/21/2022,24,26.1,0.0,53,7.0
1/22/2022,13,26.6,0.0,40,14.7
1/23/2022,17,26.1,0.0,32,14.8
1/24/2022,9,26.9,0.0,28,13.1
1/25/2022,10,27.4,0.0,26,15.9
1/26/2022,9,26.3,0.0,26,20.0
1/27/2022,16,27.1,0.0,28,14.5
1/28/2022,3,28.0,0.0,27,11.5
1/29/2022,12,27.6,0.0,25,12.3
1/30/2022,4,28.3,0.0,33,13.4
1/31/2022,16,28.6,0.0,31,10.1
2/1/2022,11,29.2,0.0,34,9.5
2/2/2022,8,29.8,0.0,26,11.7
2/3/2022,10,30.2,0.1,33,11.8
2/4/2022,7,29.0,0.0,32,13.2
2/5/2022,14,28.6,0.0,28,10.1
2/6/2022,7,26.7,0.0,19,12.1
2/7/2022,15,27.9,0.0,20,8.5
2/8/2022,16,28.3,0.0,28,13.6
2/9/2022,19,28.2,0.0,27,15.2
2/10/2022,9,28.7,0.0,25,14.0
2/11/2022,5,28.6,0.0,26,15.0
2/12/2022,16,29.5,0.0,29,13.9
2/13/2022,13,29.1,0.0,29,11.1
2/14/2022,13,29.5,0.0,31,10.3
2/15/2022,21,30.4,0.0,28,9.7
2/16/2022,13,30.4,0.0,29,9.6
2/17/2022,10,31.1,0.0,32,7.0
2/18/2022,12,30.7,0.0,31,10.3
2/19/2022,14,31.3,0.0,31,12.1
2/20/2022,6,30.9,0.0,29,8.7
2/21/2022,14,27.5,0.2,23,11.1
2/22/2022,3,28.3,0.0,26,10.2
2/23/2022,10,30.0,0.0,26,9.5
2/24/2022,9,30.2,0.5,33,12.7
2/25/2022,10,31.0,0.2,37,14.6
2/26/2022,7,30.2,0.2,39,10.8
2/27/2022,6,31.4,0.1,34,10.9
2/28/2022,4,30.8,0.1,32,15.8
3/1/2022,6,30.4,0.1,34,19.0
3/2/2022,5,29.4,0.0,30,22.5
3/3/2022,8,28.7,0.0,27,16.9
3/4/2022,5,29.1,0.0,25,17.7
3/5/2022,3,28.8,0.0,25,17.3
3/6/2022,6,29.5,0.0,28,16.5
3/7/2022,3,29.9,0.0,29,20.1
3/8/2022,7,30.5,0.0,30,14.8
3/9/2022,12,30.7,0.0,30,15.9
3/10/2022,5,30.1,0.0,31,19.9
3/11/2022,6,30.4,0.0,29,17.1
3/12/2022,6,29.8,0.0,28,17.7
3/13/2022,6,30.5,0.0,28,11.7
3/14/2022,3,31.0,0.0,29,11.3
3/15/2022,3,31.5,0.3,32,11.3
3/16/2022,4,31.6,0.0,32,10.2
3/17/2022,4,30.6,0.0,28,14.4
3/18/2022,3,31.2,0.2,31,10.1
3/19/2022,2,31.0,0.0,35,13.4
3/20/2022,2,31.5,0.0,32,14.5
3/21/2022,6,31.5,0.1,32,16.0
3/22/2022,8,31.6,0.0,33,14.0
3/23/2022,2,30.6,0.2,42,12.7
3/24/2022,5,29.8,2.4,49,9.0
3/25/2022,4,30.6,2.4,52,12.3
3/26/2022,4,30.8,8.3,53,11.4
3/27/2022,5,30.2,0.3,50,12.7
3/28/2022,7,31.1,1.1,49,9.6
3/29/2022,5,30.2,0.0,45,14.4
3/30/2022,3,30.0,0.0,40,16.1
3/31/2022,1,30.1,0.0,38,18.5
4/1/2022,1,30.1,0.0,37,21.2
4/2/2022,3,29.5,0.0,38,28.2
4/3/2022,2,29.5,0.0,34,24.3
4/4/2022,0,30.3,0.0,31,20.6
4/5/2022,1,31.0,0.0,30,15.5
4/6/2022,1,30.9,0.0,33,21.5
4/7/2022,0,30.3,0.0,32,19.3
4/8/2022,2,30.2,0.0,33,18.9
4/9/2022,1,29.6,0.0,34,23.7
4/10/2022,3,30.4,0.0,35,25.7
4/11/2022,0,29.5,6.2,49,18.4
4/12/2022,2,29.8,0.0,63,7.4
4/13/2022,0,31.0,0.0,46,11.4
4/14/2022,2,31.9,0.0,40,15.3
4/15/2022,0,29.7,24.0,58,13.0
4/16/2022,1,27.2,21.8,82,6.0
4/17/2022,0,29.9,0.5,76,6.8
4/18/2022,0,30.3,0.2,70,11.5
4/19/2022,9,31.1,0.0,55,12.8
4/20/2022,4,28.8,21.4,71,9.6
4/21/2022,3,28.5,4.2,73,9.4
4/23/2022,3,29.0,0.7,76,8.8
4/24/2022,1,29.5,2.9,70,9.5
4/25/2022,3,27.5,22.6,76,9.7
4/26/2022,6,29.3,0.4,77,7.6
4/27/2022,1,29.1,1.0,74,9.7
4/28/2022,3,27.4,10.4,80,10.5
4/29/2022,1,27.4,1.3,80,10.8
4/30/2022,3,28.2,0.2,76,8.0
5/1/2022,0,28.5,0.4,75,9.1
5/2/2022,1,27.9,8.6,75,10.9
5/3/2022,3,28.3,0.7,74,11.3
5/4/2022,0,28.8,8.3,61,12.2
5/5/2022,0,29.9,0.0,50,13.0
5/6/2022,7,31.0,0.0,42,12.0
5/7/2022,1,31.1,0.0,42,12.5
5/8/2022,4,31.8,0.0,39,12.2
5/9/2022,10,31.7,0.0,41,9.9
5/10/2022,9,31.3,0.0,38,13.0
5/11/2022,9,31.3,0.0,38,16.5
5/12/2022,15,30.6,0.0,40,16.5
5/13/2022,27,30.3,0.0,36,15.2
5/14/2022,38,30.2,0.0,36,18.2
5/15/2022,27,29.3,0.0,38,18.3
5/16/2022,83,29.4,0.0,39,15.6
5/17/2022,96,29.4,0.3,44,15.8
5/18/2022,84,29.9,0.0,39,15.7
5/19/2022,156,30.0,0.0,37,16.0
5/20/2022,189,30.0,0.0,36,17.3
5/21/2022,170,30.3,0.0,37,16.1
5/22/2022,163,31.5,0.4,39,6.9
5/23/2022,260,31.7,0.0,39,10.6
5/24/2022,202,30.7,0.0,41,12.3
5/25/2022,211,27.5,0.1,60,14.4
5/26/2022,212,30.5,0.3,51,7.0
5/27/2022,184,29.6,4.2,57,8.7
5/28/2022,171,29.0,1.4,66,7.4
5/29/2022,70,26.2,4.5,77,7.4
5/30/2022,169,27.6,0.1,68,9.9
5/31/2022,165,27.9,0.0,53,13.4
6/1/2022,59,28.3,0.0,45,14.3
6/2/2022,113,27.6,0.0,43,20.5
6/3/2022,96,27.3,0.0,43,17.3
6/4/2022,90,27.1,0.0,41,17.1
6/5/2022,41,28.4,0.0,38,11.3
6/6/2022,49,29.1,0.0,36,12.3
6/7/2022,56,26.8,9.3,54,14.0
6/8/2022,49,26.4,7.9,77,6.0
6/9/2022,42,27.7,1.5,71,6.4
6/10/2022,77,27.7,0.1,69,6.1
6/11/2022,60,28.4,0.0,58,9.0
6/12/2022,59,27.9,0.0,46,14.1
6/13/2022,138,28.3,0.2,43,11.3
6/14/2022,55,28.8,0.0,40,10.0
6/15/2022,50,29.1,0.0,36,10.2
6/16/2022,57,29.0,0.0,37,13.3
6/17/2022,50,28.3,0.0,37,17.8
6/18/2022,64,28.4,0.0,39,15.1
6/19/2022,99,29.0,0.7,39,11.2
6/20/2022,158,28.4,3.0,59,5.5
6/21/2022,144,29.1,0.0,50,8.3
6/22/2022,127,29.2,0.0,42,10.3
6/23/2022,181,29.5,0.1,40,14.2
6/24/2022,172,28.1,0.0,48,14.0
6/25/2022,269,28.4,0.0,42,14.0
6/26/2022,244,28.5,0.0,38,13.3
6/27/2022,342,27.0,0.0,37,19.1
6/28/2022,449,26.8,0.0,36,18.9
6/29/2022,401,27.8,0.0,36,13.8
6/30/2022,416,28.1,0.0,41,14.0
7/1/2022,438,27.5,0.0,39,15.2
7/2/2022,386,26.9,0.0,38,19.1
7/3/2022,241,28.0,0.0,38,13.4
7/4/2022,353,28.4,0.0,38,12.9
7/5/2022,363,28.4,0.0,35,12.5
7/6/2022,270,29.5,0.0,37,11.1
7/7/2022,273,28.9,1.0,43,11.0
7/8/2022,232,27.5,2.8,58,8.5
7/9/2022,212,27.1,0.1,45,14.6
7/10/2022,147,27.2,0.1,46,9.8
7/11/2022,181,27.2,0.3,43,15.3
7/12/2022,286,25.9,0.0,43,22.7
7/13/2022,280,27.0,0.0,38,18.7
7/14/2022,266,28.5,0.0,34,12.5
7/15/2022,232,29.4,0.0,40,11.9
7/16/2022,214,28.8,0.7,54,8.0
7/17/2022,135,28.2,0.0,42,16.4
7/18/2022,264,26.9,0.0,37,22.2
7/19/2022,235,28.1,0.0,38,13.9
7/20/2022,202,28.4,0.0,43,12.9
7/21/2022,223,26.8,0.1,42,16.5
7/22/2022,239,28.0,0.0,38,16.8
7/23/2022,208,26.4,0.0,36,23.7
7/24/2022,129,28.5,0.0,36,14.4
7/25/2022,218,28.9,0.0,36,15.0
7/26/2022,234,26.9,0.0,37,25.6
7/27/2022,277,27.0,0.4,36,19.6
7/28/2022,284,28.2,0.0,41,12.4
7/29/2022,355,29.1,0.0,36,11.3
7/30/2022,328,27.2,0.6,56,15.1
7/31/2022,279,26.1,0.8,63,14.1
8/1/2022,408,26.2,35.7,76,7.3
8/2/2022,296,24.4,20.1,84,8.3
8/3/2022,330,25.5,0.7,75,9.5
8/4/2022,334,26.0,0.7,70,13.1
8/5/2022,386,26.7,0.0,63,13.6
8/6/2022,331,27.2,0.0,49,15.4
8/7/2022,220,28.1,0.0,40,15.7
8/8/2022,387,27.8,0.0,40,13.8
8/9/2022,145,29.2,0.0,39,9.0
8/10/2022,259,29.7,0.1,47,12.0
8/11/2022,255,28.5,0.0,44,18.0
8/12/2022,251,27.5,0.4,50,11.5
8/13/2022,184,27.4,0.0,45,11.5
8/14/2022,148,28.7,0.5,50,9.1
8/15/2022,241,27.5,2.6,65,12.0
8/16/2022,251,28.3,4.1,73,7.4
8/17/2022,247,26.9,1.5,73,10.6
8/18/2022,285,27.6,0.2,63,12.5
8/19/2022,373,28.6,0.5,52,11.4
8/20/2022,367,27.7,0.3,54,17.4
8/21/2022,335,29.6,1.8,54,6.6
8/22/2022,558,28.1,0.3,47,16.6
8/23/2022,591,27.7,0.0,36,16.4
8/24/2022,575,27.2,0.0,47,11.8
8/25/2022,608,28.4,0.0,36,13.4
8/26/2022,483,28.6,0.1,39,12.2
8/27/2022,506,27.4,6.7,54,9.9
8/28/2022,320,28.1,0.0,39,13.6
8/29/2022,591,29.3,0.3,42,12.5
8/30/2022,584,30.2,0.4,42,12.5
8/31/2022,643,29.2,0.2,45,10.6
9/1/2022,581,28.3,0.0,37,14.1
9/2/2022,532,28.4,0.0,33,14.8
9/3/2022,425,28.0,0.2,40,14.4
9/4/2022,321,28.6,0.1,52,12.5
9/5/2022,517,28.2,0.4,57,15.4
9/6/2022,536,29.2,13.2,67,7.4
9/7/2022,407,27.5,8.5,78,9.0
9/8/2022,553,26.1,0.1,73,13.7
9/9/2022,512,27.1,0.0,60,12.7
9/10/2022,462,28.2,0.0,50,8.8
9/11/2022,283,28.5,0.3,44,9.5
9/12/2022,379,29.8,0.0,37,10.1
9/13/2022,261,28.0,0.4,50,17.0
9/14/2022,462,28.7,0.0,52,14.1
9/15/2022,400,28.3,0.0,37,16.8
9/16/2022,421,27.8,0.0,36,19.8
9/17/2022,364,28.3,0.0,36,15.4
9/18/2022,244,28.5,0.0,37,16.8
9/19/2022,290,28.7,0.0,33,15.6
9/20/2022,443,28.6,0.0,39,18.9
9/21/2022,479,28.6,0.0,36,18.5
9/22/2022,490,28.6,0.0,34,14.7
9/23/2022,509,28.8,0.0,33,16.0
9/24/2022,470,29.2,0.0,31,10.8
9/25/2022,310,29.1,0.0,34,13.0
9/26/2022,568,28.6,0.0,35,18.3
9/27/2022,602,27.7,0.0,34,23.2
9/28/2022,559,28.4,0.0,30,17.0
9/29/2022,551,28.7,0.0,33,11.6
9/30/2022,443,29.0,0.0,37,12.4
10/1/2022,427,29.5,0.0,34,15.3
10/2/2022,250,29.2,0.0,33,15.2
10/3/2022,433,29.2,0.0,34,13.7
10/4/2022,407,29.9,1.1,44,11.9
10/5/2022,403,29.2,0.0,35,13.1
10/6/2022,338,28.7,0.0,40,14.4
10/7/2022,356,28.9,0.0,39,20.2
10/8/2022,233,29.4,0.0,40,12.6
10/9/2022,219,28.7,0.2,41,12.7
10/10/2022,200,29.5,0.0,35,14.2
10/11/2022,342,29.3,0.0,33,11.9
10/12/2022,307,29.4,0.0,33,14.3
10/13/2022,291,29.1,0.0,33,16.7
10/14/2022,250,28.9,0.0,34,20.2
10/15/2022,177,28.8,0.0,36,20.7
10/16/2022,107,29.1,0.0,35,17.6
10/17/2022,208,30.3,0.2,37,14.8
10/18/2022,188,30.2,0.7,39,14.2
10/19/2022,138,29.4,0.0,52,12.6
10/20/2022,106,29.7,0.0,39,17.3
10/21/2022,130,29.0,0.0,34,19.8
10/22/2022,105,29.8,0.0,37,15.3
10/23/2022,72,29.6,0.0,38,17.1
10/24/2022,130,29.4,0.0,36,19.3
10/25/2022,153,30.0,0.0,36,20.9
10/26/2022,104,30.4,0.0,37,20.1
10/27/2022,91,30.3,0.0,40,18.9
10/28/2022,90,30.2,0.0,48,15.3
10/29/2022,99,30.3,0.1,43,16.1
10/30/2022,45,28.7,11.4,63,10.3
10/31/2022,87,29.8,0.0,47,16.0
11/1/2022,81,30.1,0.0,40,19.6
11/2/2022,84,28.7,0.6,61,12.8
11/3/2022,78,28.2,0.0,54,15.7
11/4/2022,53,29.2,0.0,46,14.2
11/5/2022,49,29.2,0.0,42,19.4
11/6/2022,41,29.3,0.3,46,16.9
11/7/2022,66,29.3,0.1,39,21.3
11/8/2022,50,29.2,0.0,37,20.8
11/9/2022,67,29.4,0.0,37,19.1
11/10/2022,50,28.8,1.2,46,13.9
11/11/2022,31,28.4,0.3,47,16.9
11/12/2022,33,28.6,0.2,42,20.5
11/13/2022,28,29.7,1.7,49,11.2
11/14/2022,51,27.9,17.8,67,10.1
11/15/2022,41,29.0,1.5,64,9.9
11/16/2022,28,27.7,2.8,66,11.5
11/17/2022,44,28.6,0.6,55,10.5
11/18/2022,31,29.1,0.1,47,11.1
11/19/2022,28,28.7,3.5,49,11.7
11/20/2022,15,28.4,1.5,56,10.7
11/21/2022,43,29.1,1.4,43,10.5
11/22/2022,32,29.7,0.0,43,16.2
11/23/2022,24,28.2,4.9,50,13.2
11/24/2022,27,28.9,0.0,42,17.9
11/25/2022,21,28.5,0.0,42,21.8
11/26/2022,19,28.6,0.0,41,21.6
11/27/2022,15,29.3,0.1,42,18.4
11/28/2022,24,29.3,0.0,44,16.6
11/29/2022,27,28.7,0.0,41,18.9
11/30/2022,23,28.5,0.0,40,20.5
12/1/2022,15,28.1,0.0,39,18.2
12/2/2022,32,27.8,0.0,36,16.1
12/3/2022,33,27.5,0.2,41,20.6
12/4/2022,28,28.3,0.0,45,20.6
12/5/2022,56,28.7,0.0,39,17.5
12/6/2022,53,29.5,0.0,39,13.4
12/7/2022,59,28.6,2.3,46,12.8
12/8/2022,76,28.5,4.4,44,15.4
12/9/2022,83,28.0,2.6,73,8.6
12/10/2022,73,28.3,0.6,64,10.1
12/11/2022,80,27.5,10.2,72,8.1
12/12/2022,78,27.6,0.1,64,11.5
12/13/2022,124,27.2,0.0,53,14.3
12/14/2022,113,27.0,1.7,56,11.1
12/15/2022,79,27.8,0.0,50,11.1
12/16/2022,83,27.5,1.7,56,9.1
12/17/2022,80,28.2,0.0,48,11.6
12/18/2022,44,27.6,0.0,38,12.0
12/19/2022,69,27.3,0.0,31,11.6
12/20/2022,58,27.2,0.0,26,10.6
12/21/2022,41,27.9,0.0,27,12.2
12/22/2022,47,28.7,0.1,37,14.0
12/23/2022,29,29.8,0.0,38,11.1
12/24/2022,47,27.8,1.6,65,7.9
12/25/2022,26,27.9,0.1,66,8.9
12/26/2022,41,29.1,0.1,49,7.7
12/27/2022,30,27.6,0.0,46,8.2
12/28/2022,54,26.9,8.0,67,8.7
12/29/2022,55,27.8,0.6,51,14.7
12/30/2022,61,26.7,0.0,33,19.1
12/31/2022,93,26.5,0.0,28,22.8
1/1/2023,49,26.4,0.0,33,22.3
1/2/2023,64,26.5,0.0,48,25.2
1/3/2023,79,26.7,0.1,46,23.6
1/4/2023,94,26.4,0.0,36,20.3
1/5/2023,99,26.7,0.0,31,20.4
1/6/2023,96,26.3,0.0,26,14.1
1/7/2023,79,26.7,0.0,25,14.3
1/8/2023,55,27.7,0.0,30,14.2
1/9/2023,102,28.3,0.0,36,14.1
1/10/2023,102,29.1,0.0,35,13.9
1/11/2023,86,28.9,0.1,35,14.2
1/12/2023,73,28.4,0.1,35,11.8
1/13/2023,125,28.2,0.0,31,12.5
1/14/2023,115,26.8,0.0,28,16.8
1/15/2023,95,26.4,0.0,27,18.6
1/16/2023,152,27.1,0.0,27,17.5
1/17/2023,151,27.3,0.0,28,18.0
1/18/2023,138,27.0,0.0,25,14.4
1/19/2023,152,26.8,0.0,24,15.2
1/20/2023,146,27.2,0.0,26,20.1
1/21/2023,144,26.6,0.0,27,17.4
1/22/2023,101,27.3,0.0,23,19.1
1/23/2023,171,27.7,0.0,27,22.2
1/24/2023,148,28.7,0.0,30,17.7
1/25/2023,154,28.9,0.0,31,14.8
1/26/2023,69,27.9,0.0,28,14.9
1/27/2023,104,28.0,0.0,26,21.0
1/28/2023,91,26.4,0.0,25,18.2
1/29/2023,52,27.5,0.0,27,15.4
1/30/2023,65,28.3,0.0,28,16.6
1/31/2023,71,28.8,0.0,31,17.3
2/1/2023,37,29.6,0.0,32,15.4
2/2/2023,50,29.7,0.0,30,9.8
2/3/2023,38,29.3,0.0,29,9.0
2/4/2023,28,28.9,0.0,27,9.5
2/5/2023,33,28.8,0.0,28,13.3
2/6/2023,34,28.9,0.0,24,9.5
2/7/2023,34,28.5,0.0,25,17.1
2/8/2023,34,28.8,0.0,27,16.3
2/9/2023,45,28.6,0.0,27,16.0
2/10/2023,59,28.9,0.0,30,14.3
2/11/2023,21,28.4,0.0,27,20.4
2/12/2023,16,27.5,0.0,24,18.3
2/13/2023,26,26.8,0.0,22,21.8
2/14/2023,27,27.5,0.0,26,18.0
2/15/2023,23,28.4,0.0,26,14.7
2/16/2023,18,28.9,0.0,28,11.2
2/17/2023,25,28.6,0.0,26,16.8
2/18/2023,21,28.5,0.0,28,19.0
2/19/2023,7,27.6,0.0,28,18.8
2/20/2023,13,27.4,0.0,22,22.4
2/21/2023,12,27.4,0.0,22,22.4
2/22/2023,16,28.1,0.0,22,18.5
2/23/2023,15,28.9,0.0,27,17.0
2/24/2023,16,29.6,0.0,30,16.0
2/25/2023,15,29.8,0.1,32,16.3
2/26/2023,8,30.4,0.0,33,19.0
2/27/2023,10,30.6,0.0,34,21.6
2/28/2023,20,29.1,3.4,47,16.3
3/1/2023,19,30.1,0.0,36,13.6
3/2/2023,8,30.7,0.0,30,13.2
3/3/2023,3,30.8,0.0,31,13.9
3/4/2023,7,30.8,0.0,29,14.5
3/5/2023,7,29.1,0.0,29,24.1
3/6/2023,6,29.1,0.0,28,26.7
3/7/2023,11,29.7,0.0,29,23.0
3/8/2023,6,30.4,0.0,30,18.6
3/9/2023,1,31.2,0.0,30,13.9
3/10/2023,13,31.7,0.1,33,9.9
3/11/2023,9,31.7,0.2,35,12.9
3/12/2023,11,30.1,0.3,46,11.6
3/13/2023,9,30.8,0.1,49,10.5
3/14/2023,7,28.3,17.6,65,10.7
3/15/2023,5,27.1,6.6,78,8.0
3/16/2023,7,28.9,0.3,66,10.5
3/17/2023,15,27.8,7.4,68,14.0
3/18/2023,6,26.3,17.4,80,8.1
3/19/2023,9,27.8,0.0,71,8.0
3/20/2023,9,25.5,18.8,82,7.5
3/21/2023,7,26.8,0.2,64,12.2
3/22/2023,3,29.0,0.0,55,10.0
3/23/2023,7,26.8,14.4,75,8.6
3/24/2023,10,28.0,0.0,73,10.5
3/25/2023,8,28.6,7.4,73,10.8
3/26/2023,2,26.0,6.1,82,11.6
3/27/2023,6,27.7,0.5,78,6.9
3/28/2023,16,26.8,3.9,75,10.1
3/29/2023,6,28.0,3.7,72,10.3
3/30/2023,7,28.9,1.0,66,12.1
3/31/2023,8,28.9,9.7,62,11.6
4/1/2023,8,29.4,1.6,60,9.7
4/2/2023,7,30.7,0.3,52,10.3
4/3/2023,3,28.8,0.1,56,13.9
4/4/2023,11,29.2,0.7,57,14.6
4/5/2023,10,29.3,0.4,54,16.3
4/6/2023,27,30.0,0.0,49,16.5
4/7/2023,25,30.2,0.0,44,17.7
4/8/2023,63,30.0,0.2,46,22.5
4/9/2023,74,29.8,0.0,44,21.4
4/10/2023,127,30.1,0.0,39,20.9
4/11/2023,160,29.8,0.0,40,23.7
4/12/2023,206,30.2,0.0,41,23.1
4/13/2023,274,29.7,0.0,45,21.9
4/14/2023,309,29.0,0.3,50,21.6
4/15/2023,330,29.6,0.0,44,20.4
4/16/2023,273,28.5,16.4,61,15.6
4/17/2023,388,29.5,0.0,56,16.3
4/18/2023,352,29.5,22.4,62,13.3
4/19/2023,410,29.9,0.5,53,16.2
4/20/2023,429,31.3,0.0,47,15.0
4/21/2023,430,31.6,0.0,44,15.4
4/22/2023,549,31.0,3.1,46,12.6
4/23/2023,304,27.8,4.3,79,9.8
4/24/2023,565,29.9,0.4,75,7.3
4/25/2023,250,27.2,25.8,85,8.8
4/26/2023,426,27.8,1.2,80,10.4
4/27/2023,406,28.8,13.5,79,7.4
4/28/2023,337,27.6,16.2,82,8.2
4/29/2023,221,27.5,4.8,81,7.3
4/30/2023,92,27.5,2.8,84,4.0
5/1/2023,163,27.6,4.4,83,4.6
5/2/2023,196,28.5,2.0,78,5.4
5/3/2023,164,28.1,2.6,77,12.4
5/4/2023,119,27.9,7.6,80,7.6
5/5/2023,129,28.5,0.3,70,12.3
5/6/2023,119,28.9,0.0,61,11.9
5/7/2023,94,30.2,0.0,51,9.9
5/8/2023,113,30.2,0.1,52,10.3
5/9/2023,130,30.7,0.0,52,10.2
5/10/2023,102,30.4,0.5,46,11.6
5/11/2023,110,30.3,0.0,43,14.8
5/12/2023,127,30.5,0.0,42,14.5
5/13/2023,111,30.7,0.0,38,15.6
5/14/2023,119,31.2,0.0,40,14.8
5/15/2023,205,31.6,0.0,38,13.9
5/16/2023,193,31.7,0.0,40,13.3
5/17/2023,274,31.4,0.0,38,14.5
5/18/2023,361,31.1,0.0,40,16.4
5/19/2023,456,31.7,0.0,39,11.2
5/20/2023,533,31.6,0.0,36,14.0
5/21/2023,435,31.2,0.0,35,12.8
5/22/2023,798,31.4,0.0,37,17.1
5/23/2023,872,31.1,0.7,47,14.3
5/24/2023,781,30.3,1.8,56,10.0
5/25/2023,1042,30.1,0.0,40,16.2
5/26/2023,984,29.1,0.0,39,22.8
5/27/2023,1000,29.2,0.0,39,20.5
5/28/2023,562,27.9,0.0,40,24.2
5/29/2023,1226,28.6,0.0,39,19.4
5/30/2023,968,29.5,0.0,38,14.1
5/31/2023,917,30.0,0.1,38,13.9
6/1/2023,516,29.4,0.0,36,13.9
6/2/2023,718,29.5,0.0,38,17.0
6/3/2023,559,29.3,0.0,36,18.6
6/4/2023,342,28.9,0.0,40,20.0
6/5/2023,604,29.5,0.0,39,15.1
6/6/2023,515,30.6,0.0,39,11.9
6/7/2023,508,30.7,0.0,38,12.6
6/8/2023,393,30.3,0.0,31,12.6
6/9/2023,333,30.4,0.1,34,12.3
6/10/2023,246,31.0,0.0,39,10.4
6/11/2023,174,28.4,10.8,64,13.6
6/12/2023,306,29.9,0.0,63,7.5
6/13/2023,252,29.9,0.2,49,9.9
6/14/2023,305,29.6,0.3,51,13.2
6/15/2023,270,30.2,0.4,51,8.8
6/16/2023,276,31.6,0.1,44,8.7
6/17/2023,237,31.1,0.0,36,12.6
6/18/2023,159,29.5,0.0,38,19.3
6/19/2023,374,29.5,0.0,36,15.8
6/20/2023,270,30.0,0.0,36,10.1
6/21/2023,242,31.0,0.0,42,12.1
6/22/2023,216,30.5,0.0,39,12.9
6/23/2023,200,30.4,0.0,43,10.9
6/24/2023,144,29.6,0.3,52,9.1
6/25/2023,101,27.9,15.3,69,12.3
6/26/2023,198,29.6,0.2,65,7.7
6/27/2023,138,29.5,0.1,56,8.7
6/28/2023,91,30.7,0.3,46,9.8
6/29/2023,127,30.3,0.0,38,15.9
6/30/2023,131,29.0,0.0,40,20.5
7/1/2023,133,29.9,0.0,41,13.2
7/2/2023,107,29.1,0.1,44,15.2
7/3/2023,159,28.1,0.1,42,19.6
7/4/2023,157,27.2,0.4,43,21.5
7/5/2023,209,28.3,0.0,39,14.1
7/6/2023,205,29.2,0.2,36,13.4
7/7/2023,170,28.1,0.2,45,12.5
7/8/2023,158,28.6,0.0,37,14.5
7/9/2023,110,28.3,0.0,37,12.4
7/10/2023,260,29.1,0.0,36,9.8
7/11/2023,221,30.2,0.1,33,13.2
7/12/2023,196,30.4,0.3,37,10.9
7/13/2023,205,28.7,0.0,37,16.6
7/14/2023,219,27.9,0.0,36,19.1
7/15/2023,199,28.3,0.0,38,18.1
7/16/2023,142,28.2,0.0,42,16.5
7/17/2023,303,27.7,0.0,37,21.2
7/18/2023,253,28.0,0.0,36,18.9
7/19/2023,244,29.2,0.0,35,14.5
7/20/2023,250,30.3,0.1,37,11.5
7/21/2023,212,29.7,0.0,61,7.3
7/22/2023,210,29.5,0.0,56,8.8
7/23/2023,135,29.0,0.0,48,13.4
7/24/2023,278,29.5,0.0,39,13.9
7/25/2023,223,30.0,0.5,39,16.4
7/26/2023,231,29.7,0.3,49,12.3
7/27/2023,227,27.8,1.3,63,12.9
7/28/2023,183,29.6,0.1,49,10.6
7/29/2023,157,29.3,0.0,38,16.4
7/30/2023,98,31.4,0.2,39,9.3
7/31/2023,123,29.4,7.0,61,13.6
8/1/2023,98,27.7,6.1,73,9.0
8/2/2023,76,28.0,0.3,67,8.5
8/3/2023,83,26.8,0.0,59,13.1
8/4/2023,112,27.8,0.0,45,13.4
8/5/2023,90,28.7,0.0,37,12.0
8/6/2023,52,27.8,0.0,36,16.8
8/7/2023,78,28.2,0.0,36,15.9
8/8/2023,67,29.5,0.0,34,11.2
8/9/2023,83,29.6,0.0,42,12.9
8/10/2023,97,29.7,0.0,38,14.3
8/11/2023,86,30.3,0.0,36,9.3
8/12/2023,62,28.9,0.0,35,16.9
8/13/2023,40,28.5,0.0,35,19.0
8/14/2023,61,28.4,0.0,32,20.3
8/15/2023,66,28.8,0.0,34,16.6
8/16/2023,54,29.3,0.0,40,17.0
8/17/2023,72,29.1,0.0,36,16.8
8/18/2023,80,28.3,0.0,37,21.9
8/19/2023,73,27.8,0.0,33,18.2
8/20/2023,73,28.4,0.0,30,14.1
8/21/2023,138,28.7,0.0,27,13.5
8/22/2023,141,30.2,0.0,40,13.0
8/23/2023,181,29.0,0.0,35,21.8
8/24/2023,171,28.4,0.0,34,18.0
8/25/2023,211,28.7,0.0,33,17.0
8/26/2023,186,28.4,0.0,32,19.6
8/27/2023,159,29.5,0.0,34,14.7
8/28/2023,241,29.4,0.0,34,17.4
8/29/2023,192,29.7,0.0,36,15.5
8/30/2023,186,29.8,0.0,36,13.9
8/31/2023,140,30.0,0.1,38,11.6
9/1/2023,89,30.6,0.0,36,13.0
9/2/2023,86,30.2,0.0,34,15.2
9/3/2023,68,29.9,0.0,33,16.9
9/4/2023,87,29.8,0.0,34,14.0
9/5/2023,79,30.6,0.5,36,10.0
9/6/2023,74,29.0,12.7,52,16.2
9/7/2023,69,29.1,0.1,69,8.2
9/8/2023,74,29.5,2.4,71,8.3
9/9/2023,53,29.9,0.0,55,11.6
9/10/2023,46,30.8,0.0,41,9.6
9/11/2023,71,29.8,1.6,57,7.8
9/12/2023,51,29.9,1.0,63,7.9
9/13/2023,57,31.5,0.1,50,12.5
9/14/2023,50,31.1,0.2,46,11.2
9/15/2023,51,30.2,0.0,40,14.1
9/16/2023,37,30.5,0.0,37,9.0
9/17/2023,24,31.4,0.0,35,10.0
9/18/2023,52,31.5,0.0,34,10.4
9/19/2023,53,30.5,0.1,45,13.8
9/20/2023,34,32.0,0.0,45,6.5
9/21/2023,35,31.7,0.1,41,9.6
9/22/2023,35,30.7,0.0,35,14.3
9/23/2023,20,30.8,0.2,35,13.7
9/24/2023,25,30.8,0.0,36,13.6
9/25/2023,38,31.4,0.0,36,10.9
9/26/2023,30,31.1,0.0,40,12.1
9/27/2023,29,32.0,0.0,39,9.6
9/28/2023,41,30.7,0.1,41,16.6
9/29/2023,54,30.7,0.0,35,17.1
9/30/2023,32,31.4,0.1,36,13.7
10/1/2023,19,31.1,0.0,37,16.5
10/2/2023,40,31.6,0.0,33,17.1
10/3/2023,43,30.6,0.0,33,21.8
10/4/2023,48,29.8,0.0,37,24.0
10/5/2023,54,29.7,0.0,40,22.8
10/6/2023,25,30.0,0.0,39,20.9
10/7/2023,36,30.7,0.0,36,19.6
10/8/2023,15,30.9,0.0,36,13.1
10/9/2023,41,32.1,0.0,36,12.0
10/10/2023,34,31.3,0.0,35,20.1
10/11/2023,37,30.6,0.7,41,14.1
10/12/2023,36,31.4,0.2,46,8.2
10/13/2023,36,30.8,0.5,45,12.7
10/14/2023,25,31.6,0.1,44,14.4
10/15/2023,13,31.2,0.0,44,18.6
10/16/2023,20,29.3,6.8,62,14.4
10/17/2023,14,29.1,23.4,79,5.4
10/18/2023,15,29.8,0.4,72,10.9
10/19/2023,17,28.2,3.4,75,12.3
10/20/2023,12,26.4,18.0,86,7.5
10/21/2023,19,28.0,5.4,80,5.3
10/22/2023,6,28.0,0.1,74,14.3
10/23/2023,8,28.9,0.0,65,11.6
10/24/2023,13,30.0,0.1,50,10.9
10/25/2023,12,30.2,6.0,50,16.1
10/26/2023,7,29.4,0.3,53,20.5
10/27/2023,17,28.8,0.6,55,14.6
10/28/2023,8,27.4,16.4,71,7.6
10/29/2023,4,27.9,11.8,80,8.7
10/30/2023,6,26.7,9.3,82,12.8
10/31/2023,9,27.6,2.8,75,14.0
11/1/2023,7,27.7,0.5,71,15.4
11/2/2023,12,28.2,1.5,75,7.3
11/3/2023,9,27.8,1.1,79,6.5
11/4/2023,4,27.8,7.2,81,7.7
11/5/2023,3,27.1,12.9,83,5.1
11/6/2023,22,28.0,2.7,80,9.1
11/7/2023,15,28.2,0.3,73,11.5
11/8/2023,14,27.8,1.9,72,12.1
11/9/2023,39,28.5,0.0,63,13.6
11/10/2023,42,28.6,0.0,52,16.0
11/11/2023,46,28.5,0.1,48,18.9
11/12/2023,51,28.9,0.0,48,20.8
11/13/2023,56,29.3,3.7,54,17.6
11/14/2023,111,28.7,22.3,72,10.9
11/15/2023,184,28.8,0.7,67,13.3
11/16/2023,253,29.4,0.2,61,14.8
11/17/2023,295,29.4,0.8,59,16.0
11/18/2023,278,28.6,0.4,67,12.6
11/19/2023,272,28.5,0.5,67,13.6
11/20/2023,437,28.5,0.6,57,15.7
11/21/2023,406,29.3,0.0,52,14.7
11/22/2023,570,29.4,0.0,50,19.5
11/23/2023,550,29.2,0.0,50,18.9
11/24/2023,556,28.2,0.0,48,19.5
11/25/2023,501,29.5,0.0,47,13.6
11/26/2023,353,29.1,30.1,71,9.0
11/27/2023,624,29.1,0.0,69,10.2
11/28/2023,559,28.0,0.0,62,10.2
11/29/2023,530,27.9,0.2,50,12.7
11/30/2023,514,28.6,0.0,44,14.7
12/1/2023,500,28.8,0.0,35,12.9
12/2/2023,458,29.2,0.2,38,13.0
12/3/2023,340,29.9,0.3,41,13.8
12/4/2023,565,29.1,0.3,40,17.6
12/5/2023,518,29.1,0.0,37,12.4
12/6/2023,453,29.5,0.0,36,11.6
12/7/2023,455,29.8,0.0,34,11.5
12/8/2023,522,29.0,1.0,43,13.4
12/9/2023,438,30.2,0.0,47,9.2
12/10/2023,324,29.9,0.0,38,14.2
12/11/2023,470,30.1,0.0,38,13.4
12/12/2023,290,30.7,0.0,41,11.4
12/13/2023,456,31.7,0.0,39,7.1
12/14/2023,412,30.1,0.5,51,10.8
12/15/2023,376,28.6,18.6,68,9.9
12/16/2023,400,28.5,0.0,57,15.3
12/17/2023,265,28.5,0.0,46,16.1
12/18/2023,407,28.1,0.0,39,18.5
12/19/2023,339,29.1,0.0,38,13.0
12/20/2023,305,29.3,0.0,34,12.3
12/21/2023,243,29.6,0.0,35,15.0
12/22/2023,237,29.7,0.0,38,19.7
12/23/2023,252,29.8,0.0,42,20.9
12/24/2023,133,30.4,0.0,43,14.6
12/25/2023,128,30.8,0.0,45,15.2
12/26/2023,279,29.6,0.6,45,20.6
12/27/2023,273,29.1,0.0,39,21.3
12/28/2023,269,30.9,0.0,36,6.5
12/29/2023,314,32.1,0.0,37,5.6
12/30/2023,235,29.2,3.7,68,9.1
12/31/2023,57,28.0,6.0,81,10.0
1/1/2024,67,29.6,1.7,78,6.3
1/2/2024,337,29.9,0.1,73,7.8
1/3/2024,323,29.4,0.0,62,9.1
1/4/2024,293,29.3,0.0,49,10.9
1/5/2024,273,29.4,0.0,43,10.3
1/6/2024,232,28.9,0.0,37,10.6
1/7/2024,80,30.3,0.1,34,7.3
1/8/2024,281,30.4,0.0,32,10.3
1/9/2024,249,29.7,0.0,34,12.9
1/10/2024,235,29.9,0.0,31,10.0
1/11/2024,177,30.1,0.0,28,12.5
1/12/2024,192,30.6,0.0,30,8.4
1/13/2024,130,30.7,0.0,32,11.0
1/14/2024,45,31.3,0.1,35,10.0
1/15/2024,134,31.9,1.6,39,7.8
1/16/2024,120,29.6,9.8,51,10.3
1/17/2024,98,30.0,0.1,45,7.8
1/18/2024,105,27.8,0.1,34,10.1
1/19/2024,222,28.6,0.0,38,10.1
1/20/2024,153,28.8,0.0,25,11.8
1/21/2024,92,29.4,0.2,44,11.0
1/22/2024,245,29.9,1.2,38,8.7
1/23/2024,249,30.0,0.0,36,11.8
1/24/2024,290,30.5,0.0,28,9.5
1/25/2024,287,31.0,0.0,27,9.2
1/26/2024,308,31.8,0.0,32,9.2
1/27/2024,231,28.4,20.5,65,10.5
1/28/2024,123,30.1,0.4,66,6.4
1/29/2024,388,30.5,0.0,61,7.0
1/30/2024,274,30.7,0.2,57,7.5
1/31/2024,224,29.7,0.8,60,11.6
2/1/2024,161,28.6,4.3,63,12.2
2/2/2024,179,29.8,0.2,54,10.1
2/3/2024,171,29.1,0.2,47,10.0
2/4/2024,64,29.8,3.5,63,9.0
2/5/2024,200,30.8,0.0,55,8.9
2/6/2024,176,31.2,3.0,57,6.5
2/7/2024,183,30.4,0.1,40,11.3
2/8/2024,247,30.1,0.1,37,15.2
2/9/2024,268,31.0,0.1,41,13.9
2/10/2024,222,32.1,0.0,38,12.8
2/11/2024,122,30.5,0.2,44,14.2
2/12/2024,365,31.1,0.0,34,15.2
2/13/2024,296,31.2,0.0,34,16.6
2/14/2024,263,31.6,0.0,35,16.6
2/15/2024,209,31.9,0.0,32,15.3
2/16/2024,227,31.3,0.0,36,15.1
2/17/2024,172,31.6,0.0,31,14.1
2/18/2024,50,32.4,0.0,32,6.9
2/19/2024,169,31.5,0.0,38,8.3
2/20/2024,191,31.1,0.5,42,13.5
2/21/2024,174,32.0,0.1,39,17.3
2/22/2024,168,30.0,0.0,32,23.1
2/23/2024,183,28.6,0.0,30,27.2
2/24/2024,131,30.4,0.0,34,18.6
2/25/2024,41,32.3,0.0,31,11.4
2/26/2024,177,32.5,0.0,28,10.3
2/27/2024,131,33.0,0.0,31,12.1
2/28/2024,103,27.0,3.9,68,11.5
2/29/2024,114,29.8,0.0,66,7.3
3/1/2024,78,29.9,0.2,59,13.1
3/2/2024,89,31.3,0.0,50,11.6
3/3/2024,28,32.1,0.0,40,11.6
3/4/2024,128,32.0,0.0,32,12.9
3/5/2024,86,31.8,0.1,36,16.9
3/6/2024,68,31.8,0.0,42,19.3
3/7/2024,79,32.1,0.0,37,15.7
3/8/2024,87,33.0,0.0,35,10.9
3/9/2024,51,31.9,0.2,42,13.3
3/10/2024,15,31.4,1.6,48,14.3
3/11/2024,71,31.1,0.0,38,18.7
3/12/2024,75,30.5,0.0,28,21.1
3/13/2024,79,31.2,0.0,29,20.1
3/14/2024,45,31.1,0.0,31,26.7
3/15/2024,40,30.5,0.0,30,26.3
3/16/2024,41,30.4,0.0,29,20.4
3/17/2024,8,31.1,0.0,29,15.8
3/18/2024,35,32.0,0.0,32,20.6
3/19/2024,49,32.4,0.0,33,22.1
3/20/2024,37,31.2,0.0,33,25.7
3/21/2024,36,31.1,0.0,31,20.9
3/22/2024,33,31.7,0.0,31,15.7
3/23/2024,39,33.2,0.0,33,12.5
3/24/2024,10,32.5,1.7,44,10.2
3/25/2024,38,31.1,5.2,60,11.5
3/26/2024,29,32.6,0.1,50,13.5
3/27/2024,28,30.0,18.6,75,7.7
3/28/2024,23,31.0,0.2,73,9.2
3/29/2024,29,31.2,0.5,67,9.7
3/30/2024,43,31.6,0.0,55,15.9
3/31/2024,7,31.3,0.7,48,17.6
4/1/2024,46,31.3,0.0,42,20.2
4/2/2024,33,29.4,16.5,66,10.6
4/3/2024,18,27.1,21.2,83,5.8
4/4/2024,22,28.3,3.3,76,7.4
4/5/2024,19,28.8,1.7,75,12.6
4/6/2024,35,30.3,0.2,69,14.0
4/7/2024,4,30.0,10.7,66,12.2
4/8/2024,16,29.2,9.3,75,7.9
4/9/2024,12,29.2,1.2,75,8.7
4/10/2024,5,31.0,0.5,76,6.0
4/11/2024,23,31.0,0.4,67,13.6
4/12/2024,20,32.4,0.0,57,14.0
4/13/2024,17,32.0,12.7,59,11.2
4/14/2024,5,33.3,0.0,46,11.0
4/15/2024,17,32.3,0.3,46,11.9
4/16/2024,14,32.6,0.3,45,9.0
4/17/2024,17,32.6,0.0,41,12.7
4/18/2024,21,33.0,0.0,40,13.4
4/19/2024,22,32.3,0.0,47,11.6
4/20/2024,36,31.9,0.6,49,14.4
4/21/2024,9,28.6,13.7,76,8.6
4/22/2024,62,29.1,1.8,74,10.2
4/23/2024,86,30.4,11.7,78,8.1
4/24/2024,83,30.8,10.0,77,6.7
4/25/2024,121,29.2,14.4,79,9.2
4/26/2024,167,29.2,2.9,78,10.3
4/27/2024,227,30.4,0.4,76,11.3
4/28/2024,21,29.5,16.4,76,10.7
4/29/2024,384,29.7,4.0,78,6.7
4/30/2024,299,31.0,0.0,72,7.3
5/1/2024,32,31.5,0.2,71,8.6
5/2/2024,247,30.1,4.0,72,10.4
5/3/2024,357,31.6,6.2,69,5.6
5/4/2024,197,28.5,14.3,78,9.5
5/5/2024,41,29.1,1.7,68,11.4
5/6/2024,367,30.1,1.0,74,10.7
5/7/2024,422,30.6,1.5,70,10.8
5/8/2024,297,30.9,0.9,62,13.3
5/9/2024,356,31.5,0.1,56,11.0
5/10/2024,159,31.5,0.0,49,12.8
5/11/2024,445,31.3,0.0,47,16.6
5/12/2024,80,31.2,0.0,43,15.5
5/13/2024,549,31.6,0.0,40,14.3
5/14/2024,401,32.2,0.0,41,13.6
5/15/2024,548,32.3,1.7,41,6.2
5/16/2024,553,32.4,0.5,41,6.8
5/17/2024,640,32.2,0.0,42,13.0
5/18/2024,575,32.8,0.0,41,12.5
5/19/2024,195,31.7,1.1,49,12.8
5/20/2024,650,31.3,1.4,64,7.3
5/21/2024,612,31.4,3.1,73,5.8
5/22/2024,698,31.1,0.0,62,12.0
5/23/2024,692,31.1,1.7,54,11.3
5/24/2024,751,29.4,5.1,65,10.0
5/25/2024,667,30.9,0.0,56,12.6
5/26/2024,217,31.5,0.3,45,10.0
5/27/2024,802,32.1,0.0,43,8.5
5/28/2024,725,31.5,0.0,41,14.7
5/29/2024,639,31.5,0.0,42,13.3
5/30/2024,543,32.3,0.1,40,10.9
5/31/2024,595,32.3,0.0,38,10.6
6/1/2024,405,32.3,0.0,37,12.8
6/2/2024,115,32.3,0.0,36,11.7
6/3/2024,493,33.2,0.1,39,8.3
6/4/2024,474,32.7,0.0,36,10.3
6/5/2024,447,32.5,0.1,39,11.5
6/6/2024,381,31.7,0.5,49,12.2
6/7/2024,408,32.1,0.0,46,7.0
6/8/2024,411,31.5,0.2,45,11.6
6/9/2024,66,29.2,1.1,66,10.2
6/10/2024,577,29.3,0.6,66,7.7
6/11/2024,502,29.3,0.0,58,9.4
6/12/2024,505,30.4,0.2,49,7.0
6/13/2024,508,29.5,0.3,47,9.6
6/14/2024,541,29.4,0.0,38,11.6
6/15/2024,395,29.6,0.0,37,14.0
6/16/2024,86,28.5,0.0,35,14.7
6/17/2024,375,29.6,0.0,34,8.4
6/18/2024,462,31.1,0.0,39,11.7
6/19/2024,427,30.9,0.0,37,9.6
6/20/2024,338,30.3,0.0,39,15.3
6/21/2024,318,28.8,0.0,42,20.4
6/22/2024,237,28.7,0.0,37,17.5
6/23/2024,57,29.3,0.0,34,13.3
6/24/2024,336,29.7,0.0,36,13.9
6/25/2024,241,29.5,0.0,35,11.3
6/26/2024,237,29.2,0.0,33,13.8
6/27/2024,254,29.1,0.0,35,16.0
6/28/2024,295,29.0,0.0,36,16.5
6/29/2024,199,29.3,0.0,36,11.7
6/30/2024,37,29.5,0.2,37,15.0
7/1/2024,320,29.9,0.0,39,16.2
7/2/2024,280,30.3,0.0,34,13.1
7/3/2024,299,30.3,0.0,37,12.6
7/4/2024,255,29.7,0.0,35,16.4
7/5/2024,283,29.6,0.0,36,15.4
7/6/2024,314,30.1,0.2,38,6.4
7/7/2024,59,29.3,1.0,51,9.8
7/8/2024,368,30.4,0.0,54,6.3
7/9/2024,311,31.3,0.1,50,9.0
7/10/2024,279,30.8,0.1,47,11.8
7/11/2024,287,29.7,0.6,44,10.3
7/12/2024,257,30.3,0.0,36,7.9
7/13/2024,229,30.8,0.2,38,10.0
7/14/2024,44,29.8,0.0,38,12.9
7/15/2024,236,28.0,2.0,67,11.1
7/16/2024,197,30.1,0.2,64,6.4
7/17/2024,236,29.3,3.8,66,7.9
7/18/2024,134,27.8,4.6,68,9.5
7/19/2024,155,29.7,0.1,54,10.2
7/20/2024,165,28.8,7.8,63,9.9
7/21/2024,49,29.2,0.8,73,6.9
7/22/2024,107,28.2,4.9,79,7.0
7/23/2024,125,28.0,14.4,79,5.1
7/24/2024,106,29.0,1.0,74,7.4
7/25/2024,127,29.2,0.0,68,7.0
7/26/2024,99,28.2,13.5,77,8.1
7/27/2024,119,28.1,3.9,69,11.0
7/28/2024,37,27.3,6.4,71,12.7
7/29/2024,178,29.7,0.0,60,8.6
7/30/2024,155,28.9,16.9,66,9.1
7/31/2024,82,26.8,34.4,84,6.4
8/1/2024,160,26.3,0.0,82,8.6
8/2/2024,199,27.7,0.1,72,5.5
8/3/2024,222,28.7,0.0,62,9.3
8/4/2024,104,28.8,0.3,49,15.3
8/5/2024,309,27.4,3.3,69,13.9
8/6/2024,291,27.8,1.1,72,7.5
8/7/2024,352,29.3,0.5,57,10.4
8/8/2024,389,30.0,0.0,44,15.9
8/9/2024,466,30.4,0.5,46,10.1
8/10/2024,434,30.6,0.2,42,10.0
8/11/2024,256,30.3,0.0,38,13.6
8/12/2024,628,30.4,0.3,42,12.4
8/13/2024,642,30.2,1.7,51,9.2
8/14/2024,627,31.4,0.2,47,6.7
8/15/2024,803,28.3,8.4,57,15.4
8/16/2024,682,28.1,6.1,75,6.7
8/17/2024,742,27.9,23.9,77,6.6
8/18/2024,279,27.8,0.5,77,5.8
8/19/2024,944,28.2,11.2,76,5.9
8/20/2024,991,26.7,3.1,78,5.2
8/21/2024,901,26.9,28.7,79,7.2
8/22/2024,836,25.1,15.4,83,6.3
8/23/2024,981,26.4,0.5,76,9.7
8/24/2024,779,28.1,0.0,68,11.3
8/25/2024,322,28.2,0.0,57,13.8
8/26/2024,1025,29.9,0.0,44,9.1
8/27/2024,906,30.9,0.0,44,9.6
8/28/2024,727,30.8,0.1,40,16.2
8/29/2024,762,30.9,0.1,42,15.7
8/30/2024,695,30.8,0.0,35,12.1
8/31/2024,741,30.2,0.1,34,10.0
9/1/2024,224,28.2,1.6,52,10.2
9/2/2024,830,28.9,0.0,50,11.1
9/3/2024,717,29.9,0.0,38,13.3
9/4/2024,776,28.9,0.1,38,21.8
9/5/2024,710,28.8,0.0,39,12.3
9/6/2024,787,29.2,0.0,39,15.5
9/7/2024,725,30.2,0.0,38,13.4
9/8/2024,310,30.2,0.0,34,14.6
9/9/2024,970,31.0,0.0,33,13.0
9/10/2024,1053,31.8,0.0,33,13.2
9/11/2024,855,31.4,0.0,34,12.2
9/12/2024,885,30.0,0.0,30,16.2
9/13/2024,802,30.9,0.0,33,11.7
9/14/2024,736,31.2,0.0,32,11.4
9/15/2024,322,30.8,0.0,30,11.8
9/16/2024,1026,30.7,0.0,33,11.7
9/17/2024,797,30.6,0.0,37,12.5
9/18/2024,776,31.1,0.0,34,10.5
9/19/2024,731,31.0,0.0,31,11.3
9/20/2024,631,31.4,0.0,32,11.4
9/21/2024,524,30.8,0.1,43,13.2
9/22/2024,243,31.1,0.0,37,14.3
9/23/2024,772,30.7,0.0,37,14.9
9/24/2024,607,30.1,0.0,33,14.2
9/25/2024,564,30.2,0.0,32,15.8
9/26/2024,524,31.2,0.0,34,11.0
9/27/2024,444,32.3,0.0,38,10.7
9/28/2024,348,33.0,0.0,32,8.8
9/29/2024,122,29.5,0.4,53,14.0
9/30/2024,412,27.2,22.3,78,7.7
10/1/2024,297,29.8,0.9,73,6.6
10/2/2024,300,30.2,1.2,62,10.4
10/3/2024,292,28.9,0.0,46,18.9
10/4/2024,250,30.7,0.0,37,11.8
10/5/2024,245,30.2,0.0,36,11.7
10/6/2024,111,29.6,0.0,38,18.6
10/7/2024,191,30.7,0.7,42,9.5
10/8/2024,172,30.0,0.1,40,13.8
10/9/2024,227,30.7,0.0,33,11.5
10/10/2024,78,30.4,0.1,35,13.8
10/11/2024,198,30.4,0.0,32,10.8
10/12/2024,201,30.6,0.0,34,12.2
10/13/2024,79,30.7,0.1,40,14.6
10/14/2024,148,30.9,0.0,33,9.4
10/15/2024,151,31.3,0.2,36,9.5
10/16/2024,132,30.3,0.5,48,15.9
10/17/2024,140,30.4,3.5,62,6.2
10/18/2024,140,30.7,0.2,59,7.5
10/19/2024,151,30.9,0.4,49,10.2
10/20/2024,49,31.5,0.4,50,10.1
10/21/2024,136,28.8,14.8,74,7.7
10/22/2024,140,28.8,0.8,69,10.9
10/23/2024,105,28.5,9.2,69,6.8
10/24/2024,147,29.8,0.8,57,8.6
10/25/2024,164,31.5,0.0,44,10.7
10/26/2024,158,30.9,0.0,37,10.3
10/27/2024,53,31.2,0.1,42,11.0
10/28/2024,124,29.4,17.0,73,6.4
10/29/2024,136,30.6,0.3,62,10.1
10/30/2024,125,31.3,0.1,53,7.4
10/31/2024,135,30.1,0.0,35,11.2
11/1/2024,128,30.7,0.4,36,10.9
11/2/2024,93,30.3,0.9,41,14.5
11/3/2024,36,31.0,0.3,39,14.6
11/4/2024,144,29.5,4.0,60,8.8
11/5/2024,95,28.3,4.6,72,7.1
11/6/2024,141,29.1,0.0,62,12.3
11/7/2024,169,28.8,2.9,56,18.1
11/8/2024,219,28.4,0.0,47,19.6
11/9/2024,228,28.7,0.0,46,17.4
11/10/2024,140,29.8,6.0,49,16.1
11/11/2024,309,29.1,12.1,66,9.6
11/12/2024,409,28.7,0.0,47,15.4
11/13/2024,395,30.3,0.1,40,11.3
11/14/2024,425,31.4,0.0,41,13.3
11/15/2024,483,30.3,0.3,43,16.3
11/16/2024,415,29.6,0.0,37,15.7
11/17/2024,208,28.6,0.0,33,8.3
11/18/2024,436,29.0,0.0,29,10.3
11/19/2024,355,31.0,2.5,44,15.4
11/20/2024,289,29.0,18.1,73,7.6
11/21/2024,348,28.7,4.8,72,7.5
11/22/2024,298,29.2,10.4,67,7.1
11/23/2024,187,28.2,2.4,72,6.5
11/24/2024,87,29.4,0.3,63,6.7
11/25/2024,235,27.7,3.0,66,7.8
11/26/2024,200,28.4,0.0,67,7.3
11/27/2024,157,26.6,10.1,77,7.1
11/28/2024,188,25.8,8.4,81,4.8
11/29/2024,262,27.4,0.0,72,4.9
